"url","page_purpose","http_status","canonical_url","indexability_signals","title","meta_description","h1","schema_types","primary_cta","audit_status","evidence_id"
"https://www.clearconciseconsulting.com/home","","200","https://www.clearconciseconsulting.com","none observed","Salesforce AI Governance & Architecture","Architect-led Salesforce AI readiness, data governance, and architecture for nonprofit, government, healthcare, and enterprise organizations.","Salesforce AI Governance and Architecture for Complex Organizations","FAQPage;LocalBusiness;Organization;WebSite;['Organization', 'ProfessionalService']","","FETCHED","CRAWL-001:80e139b000fd"
"https://www.clearconciseconsulting.com/services/ai-governance","","200","https://www.clearconciseconsulting.com/services/ai-governance","none observed","Salesforce AI Governance Consulting | Clear Concise Consulting","AI governance consulting for Salesforce teams. Data integrity, review cycles, human oversight. Written about in Salesforce Ben. Structure before speed.","AI Governance for Salesforce Teams","BreadcrumbList;LocalBusiness;Organization;Service;WebSite;['Organization', 'ProfessionalService']","","FETCHED","CRAWL-002:1a512e08de16"
"https://www.clearconciseconsulting.com/org-health","","200","https://www.clearconciseconsulting.com/org-health","none observed","What Your Salesforce Org Says About Your Company | 10 Free Guides  | Clear Concise Consulting","10 free Salesforce org health guides with checklists and templates. Data governance, Flow audits, sharing model assessment, AI readiness, and migration planning.","What Your Salesforce Org Says About Your Company","LocalBusiness;Organization;WebSite;['Organization', 'ProfessionalService']","","FETCHED","CRAWL-003:dedccbd9f8a8"
"https://www.clearconciseconsulting.com/case-studies","","200","https://www.clearconciseconsulting.com/case-studies","none observed","Salesforce Case Studies | CCC | Clear Concise Consulting","Review selected Salesforce case studies covering implementation, data migration, governance, healthcare, government, nonprofit, and enterprise delivery.","Real projects. Real numbers. Zero handoffs.","LocalBusiness;Organization;WebSite;['Organization', 'ProfessionalService']","","FETCHED","CRAWL-004:6ce0217b6917"
"https://www.clearconciseconsulting.com/case-studies/government","","200","https://www.clearconciseconsulting.com/case-studies/government","none observed","Salesforce Government Cloud Case Study | CCC | Clear Concise Consulting","A Salesforce Government Cloud case study focused on implementation planning, data migration, access, automation, documentation, and administrator handoff.","6-month quoted timeline delivered in 8 weeks.","CaseStudy;LocalBusiness;Organization;WebSite;['Organization', 'ProfessionalService']","","FETCHED","CRAWL-005:b7e99ffe6585"
"https://www.clearconciseconsulting.com/case-studies/healthcare","","200","https://www.clearconciseconsulting.com/case-studies/healthcare","none observed","Salesforce Healthcare Governance Case Study | CCC | Clear Concise Consulting","A Salesforce healthcare case study focused on AI readiness, data quality, access controls, governance, and safer deployment preparation.","$30,000 AI failure prevented with an $8,000 assessment.","CaseStudy;LocalBusiness;Organization;WebSite;['Organization', 'ProfessionalService']","","FETCHED","CRAWL-006:b5996d4866eb"
"https://www.clearconciseconsulting.com/case-studies/nonprofit","","200","https://www.clearconciseconsulting.com/case-studies/nonprofit","none observed","Salesforce Nonprofit Data Migration Case Study | CCC | Clear Concise Consulting","A nonprofit Salesforce case study focused on data migration, deduplication, currency validation, governance rules, and reporting quality.","Pipeline inflated by 100x. Fixed in 3 weeks.","CaseStudy;LocalBusiness;Organization;WebSite;['Organization', 'ProfessionalService']","","FETCHED","CRAWL-007:2e2c8eac9514"
"https://www.clearconciseconsulting.com/ai-center-of-excellence","","200","https://www.clearconciseconsulting.com/ai-center-of-excellence","none observed","Salesforce AI Center of Excellence & Governance | Clear Concise Consulting","Build Salesforce AI governance with readiness scoring, human review, decision logging, and Agentforce controls for high-stakes organizations before deployment.","AI governance for organizations that can't afford to guess.","BreadcrumbList;LocalBusiness;Organization;Service;WebSite;['Organization', 'ProfessionalService']","","FETCHED","CRAWL-008:48af47101e70"
"https://www.clearconciseconsulting.com/ai-coe-practice-map","","200","https://www.clearconciseconsulting.com/ai-coe-practice-map","none observed","AI CoE Practice Map for Salesforce | Clear Concise Consulting","The full surface area of AI governance for Salesforce. Fifteen practice areas across three layers and seven roles. Interactive reference from Clear Concise Consulting.","AI COE PRACTICE MAP | Most CoE diagrams are conceptual. | The map is a reference. The practice is the implementation.","LocalBusiness;Organization;WebSite;['Organization', 'ProfessionalService']","","FETCHED","CRAWL-009:44e9487b05c3"
"https://www.clearconciseconsulting.com/salesforce-ai-data-readiness-assessment","","200","https://www.clearconciseconsulting.com/salesforce-ai-data-readiness-assessment","none observed","Salesforce AI Data Readiness Assessment | Clear Concise Consulting","Find the data quality, governance, security, automation, and documentation gaps that could put your Salesforce AI or Agentforce initiative at risk.","AI Does Not Fix a Messy Salesforce Org. It Exposes It.","LocalBusiness;Organization;Service;WebSite;['Organization', 'ProfessionalService']","","FETCHED","CRAWL-010:9c231a158dbf"
