"claim_id","claim_text","claim_type","url","offer_or_scope","evidence_source","evidence_class","discrepancy_type","related_claim_ids","confidence","owner_verification_required","proposed_wording","publication_status"
"CLM-001","13x certified Salesforce Architect / 13 Salesforce certifications","credential","https://www.clearconciseconsulting.com/; https://www.clearconciseconsulting.com/about; blog author box; GitHub README","Jeremy Carmona","EV-005;EV-006;EV-007;EV-008","UNVERIFIED_CLAIM (consistent across first-party sources; third-party verification via Trailhead credential verifier not performed)","NO_CONFLICT_FOUND","CLM-036","high that the claim is published consistently; medium that it is current","YES: confirm count is current and provide Trailhead verification link","13x certified Salesforce Architect","HOLD until owner confirms; then approved wording"
"CLM-002","14 years of hands-on Salesforce experience starting in 2012 at Environmental Defense Fund","experience","GitHub README; https://www.clearconciseconsulting.com/about (snippet); https://www.clearconciseconsulting.com/ (snippet '14 years of platform experience')","Jeremy Carmona","EV-005;EV-007;EV-023","UNVERIFIED_CLAIM (first-party; arithmetic consistent for 2026)","NO_CONFLICT_FOUND","","medium","YES: confirm start year; note that '14 years' must be updated annually or replaced with 'since 2012'","Working on Salesforce since 2012","HOLD until owner confirms; prefer 'since 2012' to avoid an aging number"
"CLM-003","Taught Salesforce Administration at NYU Tandon School of Engineering (tense varies: 'has taught' / 'former NYU Tandon instructor' / 'teaches')","credential","GitHub README; https://www.clearconciseconsulting.com/about (snippet); owner positioning skill ('Former NYU Tandon Instructor, first Salesforce Admin course')","Jeremy Carmona","EV-007;EV-017;EV-033","UNVERIFIED_CLAIM (NYU program page exists, EV-017; instructor listing not verified: host blocked)","AMBIGUOUS (current vs former)","CLM-004","medium","YES: current or former? course name and years","Taught Salesforce Administration at NYU Tandon School of Engineering (years to be supplied by owner)","HOLD: OWNER_DECISION_REQUIRED on tense"
"CLM-004","Taught 160+ students at NYU; about 80% landed Salesforce jobs within six months","statistic","Medium article title (EV-017); referenced in owner memory; site usage not confirmed","NYU teaching","EV-017","UNVERIFIED_CLAIM (no source, denominator, date range, or method observed)","UNSUPPORTED","CLM-003","low","YES: provide cohort count, date range, how placement was measured, and whether NYU data or self-reported","Do not publish the 80% figure until the method and denominator are documented; '160+ students taught' may be used once cohort records are confirmed","HOLD: substantiation required"
"CLM-005","Published in Salesforce Ben (author page and at least one article on AI governance / data governance)","publication","salesforceben.com/author/jeremy-carmona/; salesforceben.com/how-salesforce-admins-can-apply-data-governance-to-einstein/","Jeremy Carmona","EV-005;EV-018","PUBLIC_THIRD_PARTY_SOURCE (URLs indexed; pages not fetched: host blocked)","NO_CONFLICT_FOUND","CLM-043","high","NO (verify article title wording, see CLM-043)","Writes on AI governance and data quality for Salesforce Ben","APPROVED for use with the published article title"
"CLM-006","Clear Concise Consulting founded in 2018","business fact","site snippet (EV-025, EV-028); BBB profile exists (EV-025) but not fetched","Organization","EV-025;EV-028","UNVERIFIED_CLAIM (first-party)","NO_CONFLICT_FOUND","","medium","YES: confirm founding year (LLC formation vs practice start)","Founded in 2018","HOLD until owner confirms"
"CLM-007","CCC has worked with USCIS, Environmental Defense Fund, UnitedHealth Group, HRSA, and NYU","client / experience list","https://www.clearconciseconsulting.com/faqs (snippet)","Organization track record","EV-011;EV-023","UNVERIFIED_CLAIM","AMBIGUOUS (client engagements vs employment vs subcontract; EDF is also named as the 2012 employer in CLM-002)","CLM-002","medium that the text is published; low on relationship type","YES: for each name, state relationship type (client, employer, subcontract via SI, teaching), dates, and permission to name publicly","Owner to supply; if any relationship was employment or unpermitted, reword to 'experience includes work for federal agencies, national healthcare providers, and universities'","HOLD: OWNER_DECISION_REQUIRED (permission and accuracy)"
"CLM-008","Enterprise CPQ case study: 40% reduction in quote-to-contract cycle time across 30+ regional offices; quotes previously took 2-5 days","case-study outcome","https://www.clearconciseconsulting.com/case-studies/enterprise","Enterprise CPQ engagement","EV-010;EV-027","UNVERIFIED_CLAIM (published; measurement method and client confirmation not observed)","NO_CONFLICT_FOUND","CLM-041","medium","YES: measured vs reported; baseline and after periods; client permission; anonymization status","40% shorter quote-to-contract cycle (measured over [period], client-reported)","HOLD: add method note before reuse in metadata or schema"
"CLM-009","Regional healthcare nonprofit deployed an Agentforce intake triage agent (patient intake forms, symptom severity, clinical routing)","case example","https://www.clearconciseconsulting.com/blog/six-governance-checkpoints-engagement","AI governance engagement narrative","EV-015","UNVERIFIED_CLAIM (anonymized; real, composite, or illustrative not stated in snippet)","AMBIGUOUS","CLM-010","medium","YES: confirm whether real engagement, composite, or illustrative; confirm no PHI or identifying detail; confirm client permission","Label in-article: 'details anonymized' or 'composite example' as applicable","HOLD: confidentiality check"
"CLM-010","Agentforce agent created 12,000 unintended Account records at a regional services nonprofit","case example / statistic","https://www.clearconciseconsulting.com/blog/ai-reversibility-rollback-plan","AI governance engagement narrative","EV-015","UNVERIFIED_CLAIM (anonymized)","AMBIGUOUS","CLM-009","medium","YES: same as CLM-009","Same labeling rule as CLM-009","HOLD: confidentiality check"
"CLM-011","AI Readiness Scorecard: free, 15 questions, about 2 minutes, five categories (data quality, governance, automation, AI preparedness, documentation health), weighted risk score","offer description","https://www.clearconciseconsulting.com/scorecard (title and snippet)","Free scorecard","EV-003;EV-014","VERIFIED_FIRST_PARTY_DATA is NOT applicable; treat as published offer description (first-party)","GENUINE_CONTRADICTION (candidate) with CLM-012","CLM-012;CLM-015","high that this text is indexed","YES: confirm the live question count, scale, and thresholds","Fifteen questions across five categories, scored [scale], about two minutes (owner to confirm)","HOLD: OWNER_DECISION_REQUIRED"
"CLM-012","Scorecard: thirty questions, five per category, 1-to-5 maturity scale; 120+ = ready for AI activation; below 60 = foundation work needed","offer description / methodology","https://www.clearconciseconsulting.com/scorecard (search-tool attribution; not confirmed)","Free scorecard (or a different framework)","EV-003;EV-021","UNVERIFIED_CLAIM (attribution uncertain)","GENUINE_CONTRADICTION (candidate) with CLM-011; also internally inconsistent arithmetic (5 categories x 5 = 25, not 30)","CLM-011","low-medium","YES: is this text on /scorecard or in an article? Which is current? Is the threshold validated (see predictive-claim rule)?","State one question count, one scale, one threshold set, and label thresholds as CCC's professional judgment, not validated prediction","HOLD: OWNER_DECISION_REQUIRED"
"CLM-013","A data quality assessment starts at $5,000","price","https://www.clearconciseconsulting.com/faqs","Data quality assessment","EV-011;EV-022","first-party published price","DIFFERENT_OFFER_OR_SCOPE (probable) vs CLM-014; relationship to CLM-016 unknown","CLM-014;CLM-015;CLM-016","high that text is indexed","YES: is this the same offer as the AI data readiness assessment? current price?","Data quality assessment: from $5,000 (owner to confirm)","HOLD pending offer reconciliation"
"CLM-014","$8,000 AI Governance Assessment (also '$30,000 AI failure prevented with $8,000 assessment'; 'governance assessments starting at $8,000')","price / proof point","owner positioning and conversion skills (not observed on site)","AI Governance Assessment","EV-033;EV-034","UNVERIFIED_CLAIM (owner-documented, off-site)","DIFFERENT_OFFER_OR_SCOPE (probable) vs CLM-013; UNSUPPORTED as a published fact","CLM-013;CLM-016;CLM-041","medium that owner intends this price","YES: confirm offer name, scope, and price; confirm whether it is the same as the AI data readiness assessment","AI governance assessment: from $8,000 (if confirmed)","HOLD: OWNER_DECISION_REQUIRED"
"CLM-015","Product ladder Tier 3 ($5,000-$10,000) named 'AI Readiness Scorecard, governance audit, strategic roadmap'","offer naming","owner positioning skill","Paid assessment tier","EV-033","owner documentation","GENUINE_CONTRADICTION in naming: website presents 'AI Readiness Scorecard' as free (CLM-011)","CLM-011;CLM-013;CLM-014","high","YES: rename the paid tier so the free scorecard and the paid assessment never share a name","Free: 'AI Readiness Scorecard'. Paid: '[Salesforce AI Data Readiness Assessment | AI Governance Assessment]' (one name, owner to choose)","HOLD: OWNER_DECISION_REQUIRED"
"CLM-016","Primary offer per brief: 'Salesforce AI Data Readiness Assessment'","offer name","brief (working assumption); no indexed page or snippet uses this exact name","Paid assessment","EV-004","UNSUPPORTED on the live site as indexed","UNSUPPORTED","CLM-013;CLM-014;CLM-015","high that it is absent from the index","YES: confirm offer name and landing page (candidate: /services/salesforce-ai-data-preparation)","Use the confirmed name consistently in title, H1, CTA, schema, and FAQ","HOLD: OWNER_DECISION_REQUIRED"
"CLM-017","Full Salesforce implementation: $15,000-$75,000 depending on complexity; architect-led, one architect from scoping to go-live","price","https://www.clearconciseconsulting.com/faqs; https://www.clearconciseconsulting.com/services/salesforce-implementation; https://www.clearconciseconsulting.com/blog/how-much-does-a-salesforce-implementation-cost-in-2026","Implementation","EV-011;EV-012;EV-022","first-party published price","NO_CONFLICT_FOUND (consistent across three pages)","","high","NO (confirm still current)","Architect-led implementations: $15,000 to $75,000, fixed price after scoping","APPROVED wording pending currency check"
"CLM-018","Workshops: $2,500 (half-day) to $15,000 (two-day working session / executive session)","price","https://www.clearconciseconsulting.com/faqs; AI services (built-in domain)","Training / AI readiness workshops","EV-012;EV-022","first-party published price","AMBIGUOUS (upper tier described two ways)","","medium","YES: define the $15,000 tier once","Workshops from $2,500 (half day) to $15,000 (two-day session)","HOLD: minor wording decision"
"CLM-019","Administration retainers starting at $3,000/month (15 hours, 24-hour response time, 3-month minimum)","price","https://www.clearconciseconsulting.com/services/salesforce-administration (non-www) / FAQ snippet","Admin retainer","EV-022;EV-023","first-party published price","DIFFERENT_OFFER_OR_SCOPE vs CLM-020 (same floor, different service)","CLM-020","medium","YES: confirm both offers still exist","Administration retainer: from $3,000/month (15 hours, 24-hour response, 3-month minimum)","HOLD: confirm currency; then approved"
"CLM-020","Retained advisory: $3,000-$5,000 per month for ongoing monthly architecture advisory","price","https://www.clearconciseconsulting.com/faqs (snippet)","Architecture advisory retainer","EV-012;EV-023","first-party published price","DIFFERENT_OFFER_OR_SCOPE vs CLM-019","CLM-019","medium","YES: differentiate from admin retainer in one sentence","Architecture advisory retainer: $3,000 to $5,000/month","HOLD: confirm; then approved"
"CLM-021","Every engagement begins with a free consultation; 'free 30-minute consultation to discuss challenges, identify quick wins, decide fit'","offer / process","https://www.clearconciseconsulting.com/faqs; site snippet","Intake","EV-022;EV-026","first-party","DIFFERENT_OFFER_OR_SCOPE (probable) vs CLM-022","CLM-022","medium","YES: one intake path, one duration, or two clearly distinct calls","Two options: (a) 15-minute scorecard results call; (b) 30-minute scoping consultation. State both explicitly wherever either is offered","HOLD: OWNER_DECISION_REQUIRED"
"CLM-022","Schedule a 15-minute call at scheduler.zoom.us/jeremy-carmona; 'book a 15-minute call to walk through your results'","offer / CTA","site snippets; owner conversion skill ('Book a 15-minute call. No sales pitch. Just answers.')","Intake / scorecard follow-up","EV-026;EV-034","first-party","DIFFERENT_OFFER_OR_SCOPE (probable) vs CLM-021","CLM-021","medium","YES: see CLM-021","See CLM-021","HOLD"
"CLM-023","Most projects are fixed-price based on a scoping document you approve before work begins","process","https://www.clearconciseconsulting.com/faqs","All engagements","EV-022","first-party","NO_CONFLICT_FOUND","","high","NO","Fixed price, set from a scoping document you approve before work starts","APPROVED"
"CLM-024","35+ documentation assets at handoff","deliverable count","https://www.clearconciseconsulting.com/services/salesforce-implementation (snippet)","Implementation","EV-014","UNVERIFIED_CLAIM (definition of 'asset' not observed)","UNSUPPORTED (as a count)","","medium","YES: list what counts; consider replacing the number with named deliverables","Handoff includes a documentation package: [named items]","HOLD"
"CLM-025","Data governance: improvements within 2-4 weeks after initial cleansing; full governance implementation 1-3 months","timeline","https://www.clearconciseconsulting.com/services/data-governance","Data governance","EV-006","first-party (qualified with 'typically', 'usually')","NO_CONFLICT_FOUND vs CLM-026 (similar scopes, compatible ranges)","CLM-026","medium","NO","Keep; qualified language is appropriate","APPROVED"
"CLM-026","AI data preparation: focused cleanup 2-4 weeks; complete transformation typically 2-3 months","timeline","https://www.clearconciseconsulting.com/services/salesforce-ai-data-preparation","AI data preparation","EV-004","first-party (qualified)","NO_CONFLICT_FOUND","CLM-025","medium","NO","Keep","APPROVED"
"CLM-027","Jeremy Carmona leads every engagement from scoping to go-live (solo, architect-led)","delivery model","https://www.clearconciseconsulting.com/ (snippet)","All engagements","EV-006","first-party","AMBIGUOUS vs CLM-028 (team description on built-in domain)","CLM-028","high","YES: confirm whether any work is subcontracted; if so, say how","Jeremy Carmona leads every engagement personally; [any specialist help is disclosed in the SOW]","HOLD: minor owner decision"
"CLM-028","'Jeremy is backed by a network of Salesforce administrators, developers and trainers'","delivery model","clearconciseconsulting.squarespace.com/faqs (built-in domain, 'FAQs 2')","Legacy description","EV-011;EV-016","first-party, likely stale","POTENTIALLY_OUTDATED","CLM-027","medium","YES: retire or align","Retire with the built-in-domain page","HOLD"
"CLM-029","Serves nonprofit, government, healthcare, and enterprise organizations; AI governance, data governance, implementation","positioning","https://www.clearconciseconsulting.com/; https://www.clearconciseconsulting.com/about; blog author box; https://www.clearconciseconsulting.com/policies-commitments","Organization positioning","EV-006;EV-008;EV-028","first-party, consistent on current pages","NO_CONFLICT_FOUND on current pages; conflicts with CLM-030..033 on legacy/third-party surfaces","CLM-030;CLM-031;CLM-032;CLM-033","high","NO","Architect-led Salesforce AI governance, data governance, and implementation architecture for nonprofit, government, healthcare, and enterprise organizations","APPROVED (matches owner positioning skill)"
"CLM-030","'Salesforce for Nonprofits, Small Business & Enterprise Teams'","positioning (audience)","https://www.clearconciseconsulting.com/who-we-help","Legacy audience page","EV-011;EV-031","first-party","POTENTIALLY_OUTDATED (Small Business absent from current positioning; Government and Healthcare absent from this page)","CLM-029","high","YES: keep, rewrite, or redirect","Rewrite to the four current verticals or redirect to /services (owner decision, see ISS-009)","HOLD"
"CLM-031","'Tailored Salesforce Solutions for Your Unique Needs' ... 'tailored solutions for Salesforce implementation and business automation needs'","positioning","https://www.clearconciseconsulting.com/new-clients","Legacy onboarding page","EV-002","first-party","POTENTIALLY_OUTDATED (generic language; word on owner's forbidden list)","CLM-029","high","YES: purpose of this page today?","If the page has a live purpose (new-client onboarding), retitle to 'New Client Onboarding | Clear Concise Consulting' and noindex; otherwise redirect","HOLD"
"CLM-032","'specializing in implementation, customization and training for nonprofits and growing businesses'","positioning","clearconciseconsulting.squarespace.com/faqs (built-in domain)","Legacy","EV-016","first-party, stale surface","POTENTIALLY_OUTDATED","CLM-029","medium","YES: confirm the built-in domain redirects (ISS-001)","n/a (retire surface)","HOLD"
"CLM-033","BBB: 'business development and consulting services such as training, document strategy, data migration, system administration and project management within Salesforce'; category Business Consultant; Brooklyn NY","third-party description","bbb.org profile (indexed; not fetched)","Third-party listing","EV-025","PUBLIC_THIRD_PARTY_SOURCE (description likely self-submitted at listing time)","POTENTIALLY_OUTDATED (pre-governance positioning)","CLM-029;CLM-034","medium","YES: update the BBB description to current positioning if the profile is owner-controlled","AI governance, data governance, and Salesforce architecture consulting","HOLD (external profile)"
"CLM-034","Geographic: 'Salesforce Consultant NYC'; 'Published Expert | NYC'; 'headquartered in New York City'; BBB Brooklyn; clients include federal agencies and national providers","geographic / service footprint","https://www.clearconciseconsulting.com/ (one indexed title variant); https://www.clearconciseconsulting.com/services/data-governance","Organization location","EV-006;EV-023;EV-025","first-party + third-party listing","AMBIGUOUS (NYC-based practice vs national remote service footprint; LocalBusiness schema deployed per owner)","CLM-038","medium","YES: is there a customer-facing office? Is local NYC search a target, or is the footprint national/remote?","'Based in New York City, working with organizations nationwide' (if accurate)","HOLD: OWNER_DECISION_REQUIRED (also drives ISS-015)"
"CLM-035","All content published by Clear Concise Consulting is written or reviewed by Jeremy Carmona","editorial policy","https://www.clearconciseconsulting.com/policies-commitments (snippet)","Editorial","EV-028","first-party policy statement","NO_CONFLICT_FOUND","","medium","NO (confirm page is current)","Keep; link it from blog bylines and the About page","APPROVED"
"CLM-036","Certifications named: Application Architect; Data Architecture and Management Designer; Sharing and Visibility Designer; Nonprofit Cloud Consultant; 'and 9 others'","credential detail","site snippet (page not attributable from results; likely /about)","Jeremy Carmona","EV-031","UNVERIFIED_CLAIM","NO_CONFLICT_FOUND","CLM-001","medium","YES: confirm current names (Salesforce renames credentials) and active status","Name 3-5 credentials relevant to the page's audience; summarize the rest","HOLD until confirmed"
"CLM-037","Sector capabilities: government (FedRAMP, GovCloud, compliance documentation); nonprofit (NPSP, Nonprofit Cloud, donor management); healthcare (Health Cloud, HIPAA compliance); enterprise (multi-Cloud, large user bases, complex integrations)","capability","site snippet (page not attributable; likely /faqs or /services)","Positioning detail","EV-023","PROFESSIONAL_OBSERVATION / UNVERIFIED_CLAIM","NO_CONFLICT_FOUND","CLM-007","medium","YES: each capability should map to at least one engagement or publication","Keep, with one evidence link per sector where available","HOLD"
"CLM-038","Homepage title indexed as both 'Salesforce Consultant NYC | 13x Certified Architect' and 'Salesforce AI Governance & Architecture'","metadata state","https://www.clearconciseconsulting.com/","Homepage","EV-006;EV-014;EV-028","direct observation of search index (two variants)","POTENTIALLY_OUTDATED (title likely changed; index not fully refreshed) or A/B of SEO title vs page title","CLM-034","high that both are indexed; unknown which is live","YES: which title is live? (verify with crawl)","One title, aligned to positioning (see PAGE-IMPROVEMENTS)","HOLD pending live check"
"CLM-039","Contact emails: support@ (built-in domain FAQ), j.carmona@ and info@ (primary site)","contact","multiple","Contact","EV-016;EV-026","first-party","AMBIGUOUS (three addresses, roles undefined)","","high","YES: choose the public address(es) and their roles","One public inquiry address in footer, contact page, and schema contactPoint","HOLD"
"CLM-040","Gumroad store: gumroad.com/clearconciseconsulting (site snippet) vs jeremycarmona.gumroad.com (search result)","external profile","site snippet; search result","Digital products","EV-005;EV-024","first-party + third-party URL","AMBIGUOUS (two handles)","","medium","YES: confirm both resolve to the same store; pick one canonical URL for sameAs and links","One canonical Gumroad URL","HOLD"
"CLM-041","Proof vault (owner docs): 70,000 records migrated with zero data loss; 6-month timeline delivered in 8 weeks; $30,000 AI failure prevented with $8,000 assessment; pipeline inflated 100x fixed in 3 weeks; federal agency recovered from failed SI engagement","proof points","owner positioning skill (not observed on site)","Case-study metrics","EV-033","UNVERIFIED_CLAIM (owner-documented)","UNSUPPORTED for publication until sourced","CLM-008;CLM-014","medium","YES: for each, source document, period, client permission, anonymization","Publish only with a method note and permission; otherwise keep in proposals","HOLD"
"CLM-042","Fixed-price contracts protect clients from scope creep costs","marketing claim","https://www.clearconciseconsulting.com/faqs (snippet)","All engagements","EV-012","first-party","NO_CONFLICT_FOUND","CLM-023","high","NO","Keep","APPROVED"
"CLM-043","Salesforce Ben article referred to internally as 'How Salesforce Admins Can Apply Data Governance to Einstein'; indexed published title is '5 Questions Salesforce Admins Must Ask Before Turning on AI'","publication title","salesforceben.com URL slug vs indexed title","Authority citation","EV-018","PUBLIC_THIRD_PARTY_SOURCE (indexed title)","POTENTIALLY_OUTDATED (working title vs published title)","CLM-005","high","NO (verify on live article)","Cite as: '5 Questions Salesforce Admins Must Ask Before Turning on AI' (Salesforce Ben)","APPROVED pending live check"
"CLM-044","SEOmator scores April 2026: GEO 94/100; AI Citability 51/100; Structured Data 100/100; Lighthouse Performance 54/100; Accessibility 95/100","tool heuristics","owner squarespace-operations skill","Site diagnostics","EV-032","tool-generated heuristic (third-party tool, owner-reported)","NO_CONFLICT_FOUND","","medium","NO","Never publish as facts about visibility; use only as internal diagnostics","INTERNAL ONLY"
