"topic","audience","intent","preferred_target_url","supporting_urls","potentially_competing_urls","evidence_id","recommended_action","rationale"
"Salesforce AI data readiness assessment (paid offer)","Buyers in nonprofit, healthcare, government, enterprise planning Agentforce/Einstein; buying role: ED/COO, CIO/CMIO, IT director, VP CRM","commercial","https://www.clearconciseconsulting.com/salesforce-ai-data-readiness-assessment (live; confirmed 2026-09-27, EV-038)","https://www.clearconciseconsulting.com/scorecard; https://www.clearconciseconsulting.com/blog/salesforce-ai-data-readiness-checklist; https://www.clearconciseconsulting.com/faqs","https://www.clearconciseconsulting.com/services/data-governance; https://www.clearconciseconsulting.com/ (homepage)","EV-004;EV-009;EV-015;EV-033;EV-038","TARGET_CONFIRMED; ALIGN_PRICE (ISS-006)","The page exists with the offer name in its title, H1 section, and Service schema (EV-038). Remaining work is price consistency across /services, /faqs, and owner documents, an FAQ answer, and internal links from the checklist and governance articles. Demand remains a hypothesis."
"Salesforce AI readiness scorecard / self-assessment (free)","Same buyers at problem-recognition stage; admins doing homework","informational-to-transactional (free tool)","https://www.clearconciseconsulting.com/scorecard","https://www.clearconciseconsulting.com/blog/salesforce-ai-data-readiness-checklist; https://www.clearconciseconsulting.com/faqs","none observed","EV-003;EV-014;EV-021","KEEP","Clear single-purpose page. Fix the question-count contradiction (CLM-011/012) before promoting further."
"Agentforce data readiness checklist / pre-Agentforce checklist","Admins and architects preparing an AI rollout","informational","https://www.clearconciseconsulting.com/blog/salesforce-ai-data-readiness-checklist","https://www.clearconciseconsulting.com/scorecard; assessment page (once confirmed)","none observed","EV-004;EV-019;EV-030","INTERNAL_LINK","Already appears in a competitive result set with Perficient, Soliant, Demand Chain (EV-019/030). Add one contextual link to the assessment page and one to the scorecard; do not rewrite."
"Salesforce AI governance consulting","Compliance officers, CIOs, CDOs in regulated orgs","commercial","https://www.clearconciseconsulting.com/ (currently the only page positioned on this phrase)","https://www.clearconciseconsulting.com/blog/six-governance-checkpoints-engagement; https://www.clearconciseconsulting.com/blog/ai-reversibility-rollback-plan; https://www.clearconciseconsulting.com/about","assessment page candidate; https://www.clearconciseconsulting.com/services/data-governance","EV-014;EV-028;EV-033","RESEARCH_REQUIRED","Owner positioning names AI governance as the category, but no dedicated service page was observed (EV-028). Decide: homepage owns the phrase, or a service page is created and the homepage links to it. Needs GSC data to size."
"Einstein Trust Layer explained / what is the Einstein Trust Layer","Admins; some architects","informational","OWNER_DECISION between https://www.clearconciseconsulting.com/blog/what-is-the-salesforce-einstein-trust-layer and https://www.clearconciseconsulting.com/blog/salesforce-trust-layer-explained","either page; https://www.clearconciseconsulting.com/blog/six-governance-checkpoints-engagement","the other of the two","EV-008;EV-010;EV-015","DIFFERENTIATE","Two articles target near-identical intent by title. Review both bodies and GSC impressions; either give each a distinct role (definition vs configuration guide) with cross-links, or CONSOLIDATE with a 301 and a redirect plan. Similar vocabulary alone is not proof of harm."
"Salesforce data governance consulting / services","Ops and IT leaders with data quality pain","commercial","https://www.clearconciseconsulting.com/services/data-governance","https://www.clearconciseconsulting.com/blog/salesforce-validation-rules-guide; https://www.clearconciseconsulting.com/blog/salesforce-duplicate-management-guide; https://www.clearconciseconsulting.com/blog/salesforce-org-health-roadmap","assessment page candidate (AI data preparation)","EV-002;EV-006;EV-028","INTERNAL_LINK","Page exists and is indexed with a custom title. Add contextual links from the three data-quality guides. Clarify boundary with the AI data preparation page (governance program vs pre-AI assessment)."
"How much does a Salesforce implementation cost","Buyers early in evaluation","informational","https://www.clearconciseconsulting.com/blog/how-much-does-a-salesforce-implementation-cost-in-2026","https://www.clearconciseconsulting.com/faqs; https://www.clearconciseconsulting.com/services/salesforce-implementation","none observed","EV-012;EV-022","KEEP","Pricing consistent across the three pages (CLM-017). No change. Keep the FAQ and the article aligned when prices change."
"How long does a Salesforce implementation take","Buyers early in evaluation","informational","https://www.clearconciseconsulting.com/blog/salesforce-implementation-timeline","https://www.clearconciseconsulting.com/services/salesforce-implementation","none observed","EV-008;EV-014","KEEP","Distinct intent; no competing page observed."
"Nonprofit Salesforce consulting / NPSP to Nonprofit Cloud migration","Nonprofit EDs, ops directors","commercial","OWNER_DECISION: https://www.clearconciseconsulting.com/services/salesforce-nonprofit-consulting (owner-reported target; not observed in index)","GitHub open-source tools page; https://www.clearconciseconsulting.com/who-we-help","clearconciseconsulting.squarespace.com/services/non-profit (built-in domain); https://www.clearconciseconsulting.com/who-we-help","EV-011;EV-016;EV-031;EV-032","CONSOLIDATE","Three surfaces describe nonprofit services. Verify the owner-reported page exists and is indexed; confirm the built-in-domain URL 301s; decide whether /who-we-help remains. Every URL change needs redirect, internal-link, sitemap, and validation steps."
"Salesforce consultant NYC / New York","Local buyers","local commercial","https://www.clearconciseconsulting.com/","https://www.clearconciseconsulting.com/about","none","EV-006;EV-023;EV-025","DIFFERENTIATE","Local phrase appears in one indexed homepage title variant. Owner decides whether NYC is a target market or a location fact (CLM-034). If national footprint is the goal, keep NYC as a location line, not the headline."
"Jeremy Carmona (person / navigational)","Prospects checking credentials; editors; recruiters","navigational","https://www.clearconciseconsulting.com/about","blog bylines; https://www.clearconciseconsulting.com/policies-commitments","LinkedIn, Medium, Salesforce Ben author page (external, desirable)","EV-005;EV-017;EV-018","INTERNAL_LINK","Link every byline to /about; align Person schema sameAs with the verified profile set (ENTITY-MAP)."
"Salesforce org cleanup / org health roadmap","Admins inheriting messy orgs","informational","https://www.clearconciseconsulting.com/blog/salesforce-org-health-roadmap","https://www.clearconciseconsulting.com/services/data-governance","none observed","EV-008;EV-024","KEEP","Strong distinct topic; add one link to data governance service."
"AI rollback plan / reversibility","Architects, IT leads deploying agents","informational","https://www.clearconciseconsulting.com/blog/ai-reversibility-rollback-plan","https://www.clearconciseconsulting.com/blog/six-governance-checkpoints-engagement","none observed","EV-014;EV-015","INTERNAL_LINK","Distinct topic supporting the governance category; link to assessment page once confirmed."
"Recruiter series (job description templates; admin vs consultant vs architect)","Recruiters, hiring managers","informational","https://www.clearconciseconsulting.com/blog/salesforce-job-description-templates; https://www.clearconciseconsulting.com/blog/salesforce-admin-vs-consultant-vs-architect-what-recruiters-need-to-know","","none","EV-005;EV-023;EV-024","KEEP","Off-core audience but supports authority and traffic. No change recommended; do not add commercial CTAs aimed at buyers."
"Pardot / Account Engagement guides","Marketing admins","informational","https://www.clearconciseconsulting.com/blog/beginners-guide-to-pardot; https://www.clearconciseconsulting.com/blog/pardot-engagement-studio-drip-campaigns","","none","EV-008","KEEP","Legacy topic outside current positioning. No change recommended; do not delete useful content."
"Salesforce career change resources","Students, career changers","informational","https://www.clearconciseconsulting.com/resources/beginners-career-changers","https://www.clearconciseconsulting.com/blog/category/Career+Transition+Resources","none for buyer intents","EV-008;EV-024","KEEP","Separate audience (teaching authority). Keep isolated from buyer paths; no buyer CTAs here."
"Salesforce consulting pricing / FAQs","All buyers","commercial-informational","https://www.clearconciseconsulting.com/faqs","https://www.clearconciseconsulting.com/blog/how-much-does-a-salesforce-implementation-cost-in-2026","none","EV-010;EV-022","KEEP","Truth-layer hub. Reconcile prices and offer names to CANONICAL-BUSINESS-FACTS before any promotion."
"Legacy pages: /new-clients, /who-we-help","Unclear","unclear","https://www.clearconciseconsulting.com/services (if consolidated)","","","EV-002;EV-011","CONSOLIDATE","Decision requires owner purpose statement and analytics for each page. If retired: 301 to the closest current page, update internal links and sitemap, validate. If kept: retitle and align positioning."
"Built-in Squarespace domain URLs (5 indexed)","n/a","n/a","https://www.clearconciseconsulting.com (matching paths)","","clearconciseconsulting.squarespace.com/*","EV-016;EV-025","REDIRECT","Verify each mirror URL returns 301 to the primary domain; if any returns 200, fix at platform level; then request re-indexing or removal."
"Salesforce AI data preparation services","Ops/IT leaders before an AI rollout","commercial","https://www.clearconciseconsulting.com/salesforce-ai-data-readiness-assessment (the former /services/salesforce-ai-data-preparation URL 301s here, EV-038)","https://www.clearconciseconsulting.com/blog/salesforce-ai-data-readiness-checklist","https://www.clearconciseconsulting.com/services/data-governance","EV-002;EV-004;EV-009;EV-038","MERGED_INTO_ROW_1 (same page)","The data-preparation URL now redirects to the assessment page, so this topic is served by row 1. Keep the boundary against /services/data-governance explicit on the assessment page (already present as ""not a data cleanup engagement"" style copy is proposed in PKG-ASSESS)."
"Salesforce AI governance consulting","Leaders deploying Agentforce or Einstein who hold sensitive data","commercial","https://www.clearconciseconsulting.com/services/ai-governance","https://www.clearconciseconsulting.com/ai-center-of-excellence; https://www.clearconciseconsulting.com/blog/data-first-salesforce-ai-governance","https://www.clearconciseconsulting.com/ai-center-of-excellence (also carries a service ladder)","EV-047","Keep /services/ai-governance as the commercial target; make /ai-center-of-excellence the framework page and remove its competing price table or align it (ISS-038, ISS-039)","Two pages currently sell overlapping AI governance offers at different prices; one should sell, one should explain"
"Salesforce AI Center of Excellence","CIOs and Salesforce leads building AI governance infrastructure","informational-commercial","https://www.clearconciseconsulting.com/ai-center-of-excellence","https://www.clearconciseconsulting.com/ai-coe-practice-map; https://www.clearconciseconsulting.com/blog/introducing-the-ccc-ai-center-of-excellence","none","EV-047","Keep; add the label and one CTA to the assessment page; the practice map stays a reference (three H1s to reduce to one)","Distinct topic with its own vocabulary (NIST AI RMF gates); citability 32.5 on the charter page, the lowest of the second pass"
"Salesforce case studies (government, healthcare, nonprofit)","Buyers checking proof before a scoping call","commercial-investigation","https://www.clearconciseconsulting.com/case-studies","https://www.clearconciseconsulting.com/case-studies/government; https://www.clearconciseconsulting.com/case-studies/healthcare; https://www.clearconciseconsulting.com/case-studies/nonprofit; https://www.clearconciseconsulting.com/case-studies/enterprise","none","EV-047","Fix attribution and labels before promoting (ISS-040); then link each case study from the matching service page","Proof pages carry the attribution risk; they should not be promoted until the truth layer is fixed"
