"url","blocks","avg_score","optimal_length_passages","grade_A","grade_B","grade_C","grade_D","grade_F","evidence"
"https://www.clearconciseconsulting.com/services/ai-governance","21","43.5","0","0","4","4","6","7","EV-047:1a512e08de16"
"https://www.clearconciseconsulting.com/case-studies/nonprofit","5","53.0","1","0","0","4","1","0","EV-047:2e2c8eac9514"
"https://www.clearconciseconsulting.com/ai-coe-practice-map","5","45.4","1","0","0","3","0","2","EV-047:44e9487b05c3"
"https://www.clearconciseconsulting.com/ai-center-of-excellence","15","32.5","1","0","0","1","5","9","EV-047:48af47101e70"
"https://www.clearconciseconsulting.com/case-studies","2","29.5","0","0","0","0","1","1","EV-047:6ce0217b6917"
"https://www.clearconciseconsulting.com/home","9","39.9","0","0","0","2","4","3","EV-047:80e139b000fd"
"https://www.clearconciseconsulting.com/salesforce-ai-data-readiness-assessment","30","40.1","2","0","0","7","13","10","EV-047:9c231a158dbf"
"https://www.clearconciseconsulting.com/case-studies/healthcare","5","50.6","0","0","0","3","2","0","EV-047:b5996d4866eb"
"https://www.clearconciseconsulting.com/case-studies/government","5","35.4","0","0","0","2","1","2","EV-047:b7e99ffe6585"
"https://www.clearconciseconsulting.com/org-health","11","37.1","0","0","0","2","4","5","EV-047:dedccbd9f8a8"
